"iso3c","date","gdb","iso2c","country","capital_city","longitude","latitude","region_iso3c","region_iso2c","region","admin_region_iso3c","admin_region_iso2c","admin_region","income_level_iso3c","income_level_iso2c","income_level","lending_type_iso3c","lending_type_iso2c","lending_type"
"AGO",2021,11,"AO","Angola","Luanda",13.242,-8.81155,"SSF","ZG","Sub-Saharan Africa","SSA","ZF","Sub-Saharan Africa (excluding high income)","LMC","XN","Lower middle income","IBD","XF","IBRD"
"ALB",2021,38,"AL","Albania","Tirane",19.8172,41.3317,"ECS","Z7","Europe & Central Asia","ECA","7E","Europe & Central Asia (excluding high income)","UMC","XT","Upper middle income","IBD","XF","IBRD"
"ARE",2021,27,"AE","United Arab Emirates","Abu Dhabi",54.3705,24.4764,"MEA","ZQ","Middle East & North Africa",NA,NA,NA,"HIC","XD","High income","LNX","XX","Not classified"
"ARG",2021,50,"AR","Argentina","Buenos Aires",-58.4173,-34.6118,"LCN","ZJ","Latin America & Caribbean","LAC","XJ","Latin America & Caribbean (excluding high income)","UMC","XT","Upper middle income","IBD","XF","IBRD"
"ARM",2021,45,"AM","Armenia","Yerevan",44.509,40.1596,"ECS","Z7","Europe & Central Asia","ECA","7E","Europe & Central Asia (excluding high income)","UMC","XT","Upper middle income","IBD","XF","IBRD"
"AUS",2021,55,"AU","Australia","Canberra",149.129,-35.282,"EAS","Z4","East Asia & Pacific",NA,NA,NA,"HIC","XD","High income","LNX","XX","Not classified"
"AZE",2021,22,"AZ","Azerbaijan","Baku",49.8932,40.3834,"ECS","Z7","Europe & Central Asia","ECA","7E","Europe & Central Asia (excluding high income)","UMC","XT","Upper middle income","IBD","XF","IBRD"
"BEN",2021,14,"BJ","Benin","Porto-Novo",2.6323,6.4779,"SSF","ZG","Sub-Saharan Africa","SSA","ZF","Sub-Saharan Africa (excluding high income)","LMC","XN","Lower middle income","IDX","XI","IDA"
"BFA",2021,23,"BF","Burkina Faso","Ouagadougou",-1.53395,12.3605,"SSF","ZG","Sub-Saharan Africa","SSA","ZF","Sub-Saharan Africa (excluding high income)","LIC","XM","Low income","IDX","XI","IDA"
"BGD",2021,24,"BD","Bangladesh","Dhaka",90.4113,23.7055,"SAS","8S","South Asia","SAS","8S","South Asia","LMC","XN","Lower middle income","IDX","XI","IDA"
"BGR",2021,50,"BG","Bulgaria","Sofia",23.3238,42.7105,"ECS","Z7","Europe & Central Asia","ECA","7E","Europe & Central Asia (excluding high income)","UMC","XT","Upper middle income","IBD","XF","IBRD"
"BHR",2021,22,"BH","Bahrain","Manama",50.5354,26.1921,"MEA","ZQ","Middle East & North Africa",NA,NA,NA,"HIC","XD","High income","LNX","XX","Not classified"
"BHS",2021,24,"BS","Bahamas, The","Nassau",-77.339,25.0661,"LCN","ZJ","Latin America & Caribbean",NA,NA,NA,"HIC","XD","High income","LNX","XX","Not classified"
"BLR",2021,19,"BY","Belarus","Minsk",27.5766,53.9678,"ECS","Z7","Europe & Central Asia","ECA","7E","Europe & Central Asia (excluding high income)","UMC","XT","Upper middle income","IBD","XF","IBRD"
"BLZ",2021,24,"BZ","Belize","Belmopan",-88.7713,17.2534,"LCN","ZJ","Latin America & Caribbean","LAC","XJ","Latin America & Caribbean (excluding high income)","UMC","XT","Upper middle income","IBD","XF","IBRD"
"BOL",2021,22,"BO","Bolivia","La Paz",-66.1936,-13.9908,"LCN","ZJ","Latin America & Caribbean","LAC","XJ","Latin America & Caribbean (excluding high income)","LMC","XN","Lower middle income","IBD","XF","IBRD"
"BRA",2021,58,"BR","Brazil","Brasilia",-47.9292,-15.7801,"LCN","ZJ","Latin America & Caribbean","LAC","XJ","Latin America & Caribbean (excluding high income)","UMC","XT","Upper middle income","IBD","XF","IBRD"
"BWA",2021,20,"BW","Botswana","Gaborone",25.9201,-24.6544,"SSF","ZG","Sub-Saharan Africa","SSA","ZF","Sub-Saharan Africa (excluding high income)","UMC","XT","Upper middle income","IBD","XF","IBRD"
"CAN",2021,61,"CA","Canada","Ottawa",-75.6919,45.4215,"NAC","XU","North America",NA,NA,NA,"HIC","XD","High income","LNX","XX","Not classified"
"CHL",2021,53,"CL","Chile","Santiago",-70.6475,-33.475,"LCN","ZJ","Latin America & Caribbean",NA,NA,NA,"HIC","XD","High income","IBD","XF","IBRD"
"CHN",2021,40,"CN","China","Beijing",116.286,40.0495,"EAS","Z4","East Asia & Pacific","EAP","4E","East Asia & Pacific (excluding high income)","UMC","XT","Upper middle income","IBD","XF","IBRD"
"CIV",2021,20,"CI","Cote d'Ivoire","Yamoussoukro",-4.0305,5.332,"SSF","ZG","Sub-Saharan Africa","SSA","ZF","Sub-Saharan Africa (excluding high income)","LMC","XN","Lower middle income","IDX","XI","IDA"
"CMR",2021,24,"CM","Cameroon","Yaounde",11.5174,3.8721,"SSF","ZG","Sub-Saharan Africa","SSA","ZF","Sub-Saharan Africa (excluding high income)","LMC","XN","Lower middle income","IDB","XH","Blend"
"COL",2021,54,"CO","Colombia","Bogota",-74.082,4.60987,"LCN","ZJ","Latin America & Caribbean","LAC","XJ","Latin America & Caribbean (excluding high income)","UMC","XT","Upper middle income","IBD","XF","IBRD"
"CRI",2021,34,"CR","Costa Rica","San Jose",-84.0089,9.63701,"LCN","ZJ","Latin America & Caribbean","LAC","XJ","Latin America & Caribbean (excluding high income)","UMC","XT","Upper middle income","IBD","XF","IBRD"
"CZE",2021,45,"CZ","Czechia","Prague",14.4205,50.0878,"ECS","Z7","Europe & Central Asia",NA,NA,NA,"HIC","XD","High income","LNX","XX","Not classified"
"DEU",2021,58,"DE","Germany","Berlin",13.4115,52.5235,"ECS","Z7","Europe & Central Asia",NA,NA,NA,"HIC","XD","High income","LNX","XX","Not classified"
"DNK",2021,58,"DK","Denmark","Copenhagen",12.5681,55.6763,"ECS","Z7","Europe & Central Asia",NA,NA,NA,"HIC","XD","High income","LNX","XX","Not classified"
"DOM",2021,35,"DO","Dominican Republic","Santo Domingo",-69.8908,18.479,"LCN","ZJ","Latin America & Caribbean","LAC","XJ","Latin America & Caribbean (excluding high income)","UMC","XT","Upper middle income","IBD","XF","IBRD"
"ECU",2021,35,"EC","Ecuador","Quito",-78.5243,-0.229498,"LCN","ZJ","Latin America & Caribbean","LAC","XJ","Latin America & Caribbean (excluding high income)","UMC","XT","Upper middle income","IBD","XF","IBRD"
"EGY",2021,22,"EG","Egypt, Arab Rep.","Cairo",31.2461,30.0982,"MEA","ZQ","Middle East & North Africa","MNA","XQ","Middle East & North Africa (excluding high income)","LMC","XN","Lower middle income","IBD","XF","IBRD"
"ESP",2021,56,"ES","Spain","Madrid",-3.70327,40.4167,"ECS","Z7","Europe & Central Asia",NA,NA,NA,"HIC","XD","High income","LNX","XX","Not classified"
"EST",2021,67,"EE","Estonia","Tallinn",24.7586,59.4392,"ECS","Z7","Europe & Central Asia",NA,NA,NA,"HIC","XD","High income","LNX","XX","Not classified"
"FIN",2021,55,"FI","Finland","Helsinki",24.9525,60.1608,"ECS","Z7","Europe & Central Asia",NA,NA,NA,"HIC","XD","High income","LNX","XX","Not classified"
"FRA",2021,66,"FR","France","Paris",2.35097,48.8566,"ECS","Z7","Europe & Central Asia",NA,NA,NA,"HIC","XD","High income","LNX","XX","Not classified"
"GBR",2021,65,"GB","United Kingdom","London",-0.126236,51.5002,"ECS","Z7","Europe & Central Asia",NA,NA,NA,"HIC","XD","High income","LNX","XX","Not classified"
"GEO",2021,40,"GE","Georgia","Tbilisi",44.793,41.71,"ECS","Z7","Europe & Central Asia","ECA","7E","Europe & Central Asia (excluding high income)","UMC","XT","Upper middle income","IBD","XF","IBRD"
"GHA",2021,28,"GH","Ghana","Accra",-0.20795,5.57045,"SSF","ZG","Sub-Saharan Africa","SSA","ZF","Sub-Saharan Africa (excluding high income)","LMC","XN","Lower middle income","IDX","XI","IDA"
"GMB",2021,20,"GM","Gambia, The","Banjul",-16.5885,13.4495,"SSF","ZG","Sub-Saharan Africa","SSA","ZF","Sub-Saharan Africa (excluding high income)","LIC","XM","Low income","IDX","XI","IDA"
"GRC",2021,37,"GR","Greece","Athens",23.7166,37.9792,"ECS","Z7","Europe & Central Asia",NA,NA,NA,"HIC","XD","High income","LNX","XX","Not classified"
"GTM",2021,19,"GT","Guatemala","Guatemala City",-90.5328,14.6248,"LCN","ZJ","Latin America & Caribbean","LAC","XJ","Latin America & Caribbean (excluding high income)","UMC","XT","Upper middle income","IBD","XF","IBRD"
"GUY",2021,11,"GY","Guyana","Georgetown",-58.1548,6.80461,"LCN","ZJ","Latin America & Caribbean",NA,NA,NA,"HIC","XD","High income","IDX","XI","IDA"
"HKG",2021,49,"HK","Hong Kong SAR, China",NA,114.109,22.3964,"EAS","Z4","East Asia & Pacific",NA,NA,NA,"HIC","XD","High income","LNX","XX","Not classified"
"HND",2021,25,"HN","Honduras","Tegucigalpa",-87.4667,15.1333,"LCN","ZJ","Latin America & Caribbean","LAC","XJ","Latin America & Caribbean (excluding high income)","LMC","XN","Lower middle income","IDX","XI","IDA"
"HRV",2021,48,"HR","Croatia","Zagreb",15.9614,45.8069,"ECS","Z7","Europe & Central Asia",NA,NA,NA,"HIC","XD","High income","IBD","XF","IBRD"
"HTI",2021,8,"HT","Haiti","Port-au-Prince",-72.3288,18.5392,"LCN","ZJ","Latin America & Caribbean","LAC","XJ","Latin America & Caribbean (excluding high income)","LMC","XN","Lower middle income","IDX","XI","IDA"
"IDN",2021,40,"ID","Indonesia","Jakarta",106.83,-6.19752,"EAS","Z4","East Asia & Pacific","EAP","4E","East Asia & Pacific (excluding high income)","UMC","XT","Upper middle income","IBD","XF","IBRD"
"IND",2021,47,"IN","India","New Delhi",77.225,28.6353,"SAS","8S","South Asia","SAS","8S","South Asia","LMC","XN","Lower middle income","IBD","XF","IBRD"
"IRL",2021,46,"IE","Ireland","Dublin",-6.26749,53.3441,"ECS","Z7","Europe & Central Asia",NA,NA,NA,"HIC","XD","High income","LNX","XX","Not classified"
"ISR",2021,42,"IL","Israel",NA,35.2035,31.7717,"MEA","ZQ","Middle East & North Africa",NA,NA,NA,"HIC","XD","High income","LNX","XX","Not classified"
"ITA",2021,57,"IT","Italy","Rome",12.4823,41.8955,"ECS","Z7","Europe & Central Asia",NA,NA,NA,"HIC","XD","High income","LNX","XX","Not classified"
"JAM",2021,31,"JM","Jamaica","Kingston",-76.792,17.9927,"LCN","ZJ","Latin America & Caribbean","LAC","XJ","Latin America & Caribbean (excluding high income)","UMC","XT","Upper middle income","IBD","XF","IBRD"
"JOR",2021,22,"JO","Jordan","Amman",35.9263,31.9497,"MEA","ZQ","Middle East & North Africa","MNA","XQ","Middle East & North Africa (excluding high income)","LMC","XN","Lower middle income","IBD","XF","IBRD"
"KAZ",2021,42,"KZ","Kazakhstan","Astana",71.4382,51.1879,"ECS","Z7","Europe & Central Asia","ECA","7E","Europe & Central Asia (excluding high income)","UMC","XT","Upper middle income","IBD","XF","IBRD"
"KEN",2021,26,"KE","Kenya","Nairobi",36.8126,-1.27975,"SSF","ZG","Sub-Saharan Africa","SSA","ZF","Sub-Saharan Africa (excluding high income)","LMC","XN","Lower middle income","IDB","XH","Blend"
"KGZ",2021,24,"KG","Kyrgyz Republic","Bishkek",74.6057,42.8851,"ECS","Z7","Europe & Central Asia","ECA","7E","Europe & Central Asia (excluding high income)","LMC","XN","Lower middle income","IDX","XI","IDA"
"KHM",2021,13,"KH","Cambodia","Phnom Penh",104.874,11.5556,"EAS","Z4","East Asia & Pacific","EAP","4E","East Asia & Pacific (excluding high income)","LMC","XN","Lower middle income","IDX","XI","IDA"
"KOR",2021,64,"KR","Korea, Rep.","Seoul",126.957,37.5323,"EAS","Z4","East Asia & Pacific",NA,NA,NA,"HIC","XD","High income","LNX","XX","Not classified"
"LBR",2021,17,"LR","Liberia","Monrovia",-10.7957,6.30039,"SSF","ZG","Sub-Saharan Africa","SSA","ZF","Sub-Saharan Africa (excluding high income)","LIC","XM","Low income","IDX","XI","IDA"
"LCA",2021,21,"LC","St. Lucia","Castries",-60.9832,14,"LCN","ZJ","Latin America & Caribbean","LAC","XJ","Latin America & Caribbean (excluding high income)","UMC","XT","Upper middle income","IDB","XH","Blend"
"LKA",2021,16,"LK","Sri Lanka","Colombo",79.8528,6.92148,"SAS","8S","South Asia","SAS","8S","South Asia","LMC","XN","Lower middle income","IDX","XI","IDA"
"LTU",2021,37,"LT","Lithuania","Vilnius",25.2799,54.6896,"ECS","Z7","Europe & Central Asia",NA,NA,NA,"HIC","XD","High income","LNX","XX","Not classified"
"LVA",2021,49,"LV","Latvia","Riga",24.1048,56.9465,"ECS","Z7","Europe & Central Asia",NA,NA,NA,"HIC","XD","High income","LNX","XX","Not classified"
"MAR",2021,12,"MA","Morocco","Rabat",-6.8704,33.9905,"MEA","ZQ","Middle East & North Africa","MNA","XQ","Middle East & North Africa (excluding high income)","LMC","XN","Lower middle income","IBD","XF","IBRD"
"MDA",2021,41,"MD","Moldova","Chisinau",28.8497,47.0167,"ECS","Z7","Europe & Central Asia","ECA","7E","Europe & Central Asia (excluding high income)","UMC","XT","Upper middle income","IBD","XF","IBRD"
"MEX",2021,51,"MX","Mexico","Mexico City",-99.1276,19.427,"LCN","ZJ","Latin America & Caribbean","LAC","XJ","Latin America & Caribbean (excluding high income)","UMC","XT","Upper middle income","IBD","XF","IBRD"
"MLT",2021,37,"MT","Malta","Valletta",14.5189,35.9042,"MEA","ZQ","Middle East & North Africa",NA,NA,NA,"HIC","XD","High income","LNX","XX","Not classified"
"MNG",2021,33,"MN","Mongolia","Ulaanbaatar",106.937,47.9129,"EAS","Z4","East Asia & Pacific","EAP","4E","East Asia & Pacific (excluding high income)","LMC","XN","Lower middle income","IBD","XF","IBRD"
"MOZ",2021,10,"MZ","Mozambique","Maputo",32.5713,-25.9664,"SSF","ZG","Sub-Saharan Africa","SSA","ZF","Sub-Saharan Africa (excluding high income)","LIC","XM","Low income","IDX","XI","IDA"
"MWI",2021,15,"MW","Malawi","Lilongwe",33.7703,-13.9899,"SSF","ZG","Sub-Saharan Africa","SSA","ZF","Sub-Saharan Africa (excluding high income)","LIC","XM","Low income","IDX","XI","IDA"
"MYS",2021,42,"MY","Malaysia","Kuala Lumpur",101.684,3.12433,"EAS","Z4","East Asia & Pacific","EAP","4E","East Asia & Pacific (excluding high income)","UMC","XT","Upper middle income","IBD","XF","IBRD"
"NAM",2021,19,"NA","Namibia","Windhoek",17.0931,-22.5648,"SSF","ZG","Sub-Saharan Africa","SSA","ZF","Sub-Saharan Africa (excluding high income)","UMC","XT","Upper middle income","IBD","XF","IBRD"
"NCL",2021,31,"NC","New Caledonia","Noum'ea",166.464,-22.2677,"EAS","Z4","East Asia & Pacific",NA,NA,NA,"HIC","XD","High income","LNX","XX","Not classified"
"NGA",2021,24,"NG","Nigeria","Abuja",7.48906,9.05804,"SSF","ZG","Sub-Saharan Africa","SSA","ZF","Sub-Saharan Africa (excluding high income)","LMC","XN","Lower middle income","IDB","XH","Blend"
"NLD",2021,54,"NL","Netherlands","Amsterdam",4.89095,52.3738,"ECS","Z7","Europe & Central Asia",NA,NA,NA,"HIC","XD","High income","LNX","XX","Not classified"
"NPL",2021,19,"NP","Nepal","Kathmandu",85.3157,27.6939,"SAS","8S","South Asia","SAS","8S","South Asia","LMC","XN","Lower middle income","IDX","XI","IDA"
"NZL",2021,66,"NZ","New Zealand","Wellington",174.776,-41.2865,"EAS","Z4","East Asia & Pacific",NA,NA,NA,"HIC","XD","High income","LNX","XX","Not classified"
"OMN",2021,14,"OM","Oman","Muscat",58.5874,23.6105,"MEA","ZQ","Middle East & North Africa",NA,NA,NA,"HIC","XD","High income","LNX","XX","Not classified"
"PAN",2021,35,"PA","Panama","Panama City",-79.5188,8.99427,"LCN","ZJ","Latin America & Caribbean",NA,NA,NA,"HIC","XD","High income","IBD","XF","IBRD"
"PER",2021,38,"PE","Peru","Lima",-77.0465,-12.0931,"LCN","ZJ","Latin America & Caribbean","LAC","XJ","Latin America & Caribbean (excluding high income)","UMC","XT","Upper middle income","IBD","XF","IBRD"
"PHL",2021,34,"PH","Philippines","Manila",121.035,14.5515,"EAS","Z4","East Asia & Pacific","EAP","4E","East Asia & Pacific (excluding high income)","LMC","XN","Lower middle income","IBD","XF","IBRD"
"PRT",2021,42,"PT","Portugal","Lisbon",-9.13552,38.7072,"ECS","Z7","Europe & Central Asia",NA,NA,NA,"HIC","XD","High income","LNX","XX","Not classified"
"PRY",2021,34,"PY","Paraguay","Asuncion",-57.6362,-25.3005,"LCN","ZJ","Latin America & Caribbean","LAC","XJ","Latin America & Caribbean (excluding high income)","UMC","XT","Upper middle income","IBD","XF","IBRD"
"PSE",2021,15,"PS","West Bank and Gaza",NA,NA,NA,"MEA","ZQ","Middle East & North Africa","MNA","XQ","Middle East & North Africa (excluding high income)","UMC","XT","Upper middle income","LNX","XX","Not classified"
"QAT",2021,22,"QA","Qatar","Doha",51.5082,25.2948,"MEA","ZQ","Middle East & North Africa",NA,NA,NA,"HIC","XD","High income","LNX","XX","Not classified"
"ROU",2021,43,"RO","Romania","Bucharest",26.0979,44.4479,"ECS","Z7","Europe & Central Asia",NA,NA,NA,"HIC","XD","High income","IBD","XF","IBRD"
"RUS",2021,42,"RU","Russian Federation","Moscow",37.6176,55.7558,"ECS","Z7","Europe & Central Asia","ECA","7E","Europe & Central Asia (excluding high income)","UMC","XT","Upper middle income","IBD","XF","IBRD"
"RWA",2021,25,"RW","Rwanda","Kigali",30.0587,-1.95325,"SSF","ZG","Sub-Saharan Africa","SSA","ZF","Sub-Saharan Africa (excluding high income)","LIC","XM","Low income","IDX","XI","IDA"
"SAU",2021,29,"SA","Saudi Arabia","Riyadh",46.6977,24.6748,"MEA","ZQ","Middle East & North Africa",NA,NA,NA,"HIC","XD","High income","LNX","XX","Not classified"
"SEN",2021,12,"SN","Senegal","Dakar",-17.4734,14.7247,"SSF","ZG","Sub-Saharan Africa","SSA","ZF","Sub-Saharan Africa (excluding high income)","LMC","XN","Lower middle income","IDX","XI","IDA"
"SLE",2021,12,"SL","Sierra Leone","Freetown",-13.2134,8.4821,"SSF","ZG","Sub-Saharan Africa","SSA","ZF","Sub-Saharan Africa (excluding high income)","LIC","XM","Low income","IDX","XI","IDA"
"SLV",2021,13,"SV","El Salvador","San Salvador",-89.2073,13.7034,"LCN","ZJ","Latin America & Caribbean","LAC","XJ","Latin America & Caribbean (excluding high income)","UMC","XT","Upper middle income","IBD","XF","IBRD"
"SVK",2021,51,"SK","Slovak Republic","Bratislava",17.1073,48.1484,"ECS","Z7","Europe & Central Asia",NA,NA,NA,"HIC","XD","High income","LNX","XX","Not classified"
"SWE",2021,43,"SE","Sweden","Stockholm",18.0645,59.3327,"ECS","Z7","Europe & Central Asia",NA,NA,NA,"HIC","XD","High income","LNX","XX","Not classified"
"TGO",2021,15,"TG","Togo","Lome",1.2255,6.1228,"SSF","ZG","Sub-Saharan Africa","SSA","ZF","Sub-Saharan Africa (excluding high income)","LIC","XM","Low income","IDX","XI","IDA"
"THA",2021,42,"TH","Thailand","Bangkok",100.521,13.7308,"EAS","Z4","East Asia & Pacific","EAP","4E","East Asia & Pacific (excluding high income)","UMC","XT","Upper middle income","IBD","XF","IBRD"
"TJK",2021,12,"TJ","Tajikistan","Dushanbe",68.7864,38.5878,"ECS","Z7","Europe & Central Asia","ECA","7E","Europe & Central Asia (excluding high income)","LMC","XN","Lower middle income","IDX","XI","IDA"
"TKM",2021,6,"TM","Turkmenistan","Ashgabat",58.3794,37.9509,"ECS","Z7","Europe & Central Asia","ECA","7E","Europe & Central Asia (excluding high income)","UMC","XT","Upper middle income","IBD","XF","IBRD"
"TTO",2021,22,"TT","Trinidad and Tobago","Port-of-Spain",-61.4789,10.6596,"LCN","ZJ","Latin America & Caribbean",NA,NA,NA,"HIC","XD","High income","IBD","XF","IBRD"
"TUN",2021,23,"TN","Tunisia","Tunis",10.21,36.7899,"MEA","ZQ","Middle East & North Africa","MNA","XQ","Middle East & North Africa (excluding high income)","LMC","XN","Lower middle income","IBD","XF","IBRD"
"TWN",2021,51,"TW","Taiwan, China",NA,NA,NA,"EAS","Z4","East Asia & Pacific",NA,NA,NA,"HIC","XD","High income","LNX","XX","Not classified"
"UGA",2021,31,"UG","Uganda","Kampala",32.5729,0.314269,"SSF","ZG","Sub-Saharan Africa","SSA","ZF","Sub-Saharan Africa (excluding high income)","LIC","XM","Low income","IDX","XI","IDA"
"UKR",2021,55,"UA","Ukraine","Kiev",30.5038,50.4536,"ECS","Z7","Europe & Central Asia","ECA","7E","Europe & Central Asia (excluding high income)","LMC","XN","Lower middle income","IBD","XF","IBRD"
"URY",2021,55,"UY","Uruguay","Montevideo",-56.0675,-34.8941,"LCN","ZJ","Latin America & Caribbean",NA,NA,NA,"HIC","XD","High income","IBD","XF","IBRD"
"USA",2021,68,"US","United States","Washington D.C.",-77.032,38.8895,"NAC","XU","North America",NA,NA,NA,"HIC","XD","High income","LNX","XX","Not classified"
"UZB",2021,32,"UZ","Uzbekistan","Tashkent",69.269,41.3052,"ECS","Z7","Europe & Central Asia","ECA","7E","Europe & Central Asia (excluding high income)","LMC","XN","Lower middle income","IDB","XH","Blend"
"VNM",2021,33,"VN","Viet Nam","Hanoi",105.825,21.0069,"EAS","Z4","East Asia & Pacific","EAP","4E","East Asia & Pacific (excluding high income)","LMC","XN","Lower middle income","IBD","XF","IBRD"
"XKX",2021,40,"XK","Kosovo","Pristina",20.926,42.565,"ECS","Z7","Europe & Central Asia","ECA","7E","Europe & Central Asia (excluding high income)","UMC","XT","Upper middle income","IDX","XI","IDA"
"ZAF",2021,30,"ZA","South Africa","Pretoria",28.1871,-25.746,"SSF","ZG","Sub-Saharan Africa","SSA","ZF","Sub-Saharan Africa (excluding high income)","UMC","XT","Upper middle income","IBD","XF","IBRD"
